{
    "DecisionTree": {
        "accuracy": 0.7219906383549938, 
        "precision": 0.7161840269548024, 
        "recall": 0.7219492184139561, 
        "f1": 0.7179189002473416
    }, 
    "RandomForest": {
        "accuracy": 0.7360581782840073, 
        "precision": 0.7304308870361207, 
        "recall": 0.7359415303780775, 
        "f1": 0.7322046096901202
    },
    "AdaBoost": {
        "accuracy": 0.4898734613292056, 
        "precision": 0.48891339855817967, 
        "recall": 0.48991311387175024, 
        "f1": 0.4881815060612616
    }
}