{
    "DecisionTree": {
        "accuracy": 0.7210280058936356, 
        "precision": 0.7147711879521574, 
        "recall": 0.7209811849176478, 
        "f1": 0.7170989398842684
    }, 
    "RandomForest": {
        "accuracy": 0.7335292867454619, 
        "precision": 0.728283451083177, 
        "recall": 0.7339738732523753, 
        "f1": 0.7295918981716184
    }, 
    "LogisticRegression": {
        "accuracy": 0.4080457400925206, 
        "precision": 0.40878744733096894, 
        "recall": 0.4080221705137194, 
        "f1": 0.40617975240540255
    }, 
    "K-Nearest Neighbors": {
        "accuracy": 0.660723650633612, 
        "precision": 0.6708864375413203, 
        "recall": 0.6607030316186896, 
        "f1": 0.6642625496831763
    }
}